{
    "Tset20": 21.96354785649792,
    "Tset8": 21.73666685813777,
    "Tset19": 22.639166842054042,
    "Tset21": 22.871666865519117,
    "Tset18": 21.992041301888502,
    "Tset1": 21.85500008481102,
    "Tset2": 22.840000103524208,
    "Tset17": 21.795599654829093,
    "Tset6": 21.495000167349446,
    "Tset4": 21.78416668127524,
    "Tset11": 21.515833477325916,
    "Tset25": 21.71941388924267,
    "Tset14": 21.5808333263822,
    "Tset16": 22.456438477811865,
    "Tset10": 21.85666671779167,
    "Tset12": 22.916666670053143,
    "Tset23": 21.438333422268038,
    "Tset9": 21.634166815853067,
    "Tset5": 21.33500017193477,
    "Tset22": 21.240833454117816,
    "Tset3": 21.981269363576075,
    "Tset15": 22.88916675232304,
    "Tset13": 21.688333534734223,
    "Tset7": 22.647500199272066,
    "Tset24": 21.283601746005427
}
