{"Time": [349200.0, 349500.0, 349800.0, 350100.0, 350400.0, 350700.0, 351000.0, 351300.0, 351600.0, 351900.0, 352200.0, 352500.0], "OutdoorAirTemperature": [12.0, 11.91666666666667, 11.83333333333333, 11.75, 11.66666666666667, 11.58333333333333, 11.5, 11.41666666666667, 11.33333333333333, 11.25, 11.16666666666667, 11.08333333333333], "Tzon1": [24.31419329459894, 24.28542332444183, 24.25336205467115, 24.21845972674949, 24.18156426789573, 24.14336613723156, 24.10425962816654, 24.06436937427997, 24.02419777978368, 23.98420559940351, 23.94448578819364, 23.90493332106136], "Tzon2": [25.75275724327797, 25.73819149289642, 25.72052550039073, 25.69986654636194, 25.67683755594835, 25.65193239974409, 25.62529586555291, 25.59690287008698, 25.56760973847853, 25.53810856118793, 25.50870637357629, 25.47945318765408], "Tzon3": [26.72028582269216, 26.71393369629372, 26.70521756702154, 26.69467417877262, 26.68293315146093, 26.67035794895846, 26.65706225198526, 26.64303932132621, 26.62825327057675, 26.61267271207229, 26.59625103673478, 26.57894589279082], "Tzon4": [26.7577651046825, 26.75139986056314, 26.74263029011714, 26.73199243616143, 26.72011609017191, 26.70736442413103, 26.69385022035662, 26.67956563672436, 26.66447368034591, 26.64854203153519, 26.63172254033465, 26.61397125207069], "Tzon5": [26.95464650811378, 26.93793031801116, 26.9171159535873, 26.89278069287424, 26.86580091270289, 26.8367844614013, 26.80600473171454, 26.77351882865878, 26.7392670519665, 26.70311017613675, 26.66475135518856, 26.62351416920043], "Tzon6": [26.95633466271938, 26.94226173191603, 26.92462897425626, 26.90395065860915, 26.88100503164031, 26.85633969641103, 26.83021519158016, 26.80271184059422, 26.77382355638494, 26.74350489604267, 26.71164016850845, 26.67807932720649], "Tzon7": [25.4644045234317, 25.43802371971435, 25.40738716486163, 25.37260191743644, 25.33403133128456, 25.29153858576595, 25.24570705066858, 25.19698246657058, 25.14503565392188, 25.09098011953898, 25.03604497452396, 24.98094569687868], "Tzon8": [25.76998363767501, 25.74222858487633, 25.71028965120316, 25.67431461603926, 25.63480357070402, 25.59208037554457, 25.54583152836701, 25.49628703105108, 25.44367009052123, 25.38791581804003, 25.32859723226831, 25.26712763713694], "Tzon9": [26.56334022691633, 26.55413888404392, 26.5422754028098, 26.52819060391616, 26.51249654504761, 26.49560086233767, 26.47768008974887, 26.45877748424868, 26.43888387687604, 26.41797677689985, 26.39599802893227, 26.37288611421553], "Tzon10": [26.40143887635578, 26.37932957140101, 26.35179466121322, 26.31946105032025, 26.28364530149393, 26.24526448322432, 26.2041743660408, 26.16032336703436, 26.11421369193526, 26.06631034842161, 26.01605709068078, 25.9645994595061], "Tzon11": [25.59833141011517, 25.58015705181229, 25.55840929349942, 25.53316656325839, 25.50466801897348, 25.47323178896061, 25.43929823858653, 25.40292148067891, 25.36496786140961, 25.32645531576085, 25.28799226578617, 25.24979980556191], "Tzon12": [23.83885830455652, 23.79138569634974, 23.7383250814441, 23.68194400672484, 23.6243815733129, 23.56667249674088, 23.50900499466764, 23.45124814367702, 23.39325697358921, 23.33495775292565, 23.2762862780962, 23.21720408163011], "Tzon13": [24.48097030119553, 24.43814002542532, 24.39093288808303, 24.3402466177217, 24.28741357769059, 24.23344971567824, 24.17883924230296, 24.12369452703657, 24.06784933414101, 24.01213057127219, 23.95685400471791, 23.90189275744636], "Tzon14": [23.87167049110126, 23.82267289352925, 23.7686616700585, 23.7115843325885, 23.65330176949702, 23.59474854903679, 23.53611877107232, 23.47731505367403, 23.41821854594317, 23.3587697929974, 23.29890941624802, 23.23860346414649], "Tzon15": [25.08666587459504, 25.05184464719702, 25.01148083099451, 24.96559024802055, 24.91628249188826, 24.86528678900455, 24.8131904924044, 24.76092330185962, 24.70922456655826, 24.65850415752989, 24.60869001992025, 24.559484900914], "Tzon16": [24.49586325400511, 24.47553864256542, 24.4510789232476, 24.42232158304, 24.38975815859255, 24.35420234172584, 24.317295952576, 24.28022173450063, 24.24349326224549, 24.20724237924627, 24.17143785217492, 24.13596621218602], "Tzon17": [88.08787983109168, 87.98948647264858, 87.86398533121233, 87.7238385882801, 87.57604292792915, 87.42049296847614, 87.25109967458307, 87.0756960550409, 86.90073815777284, 86.72632730050604, 86.5499500703668, 86.36981033238585], "Tzon18": [26.08305190468784, 26.05445600415276, 26.01934232209176, 25.97952146762765, 25.93707169021562, 25.89306195308456, 25.8482284371372, 25.80307948590415, 25.75831231576854, 25.71417160686865, 25.67051575104767, 25.62708277657759], "Tzon19": [23.86570087181633, 23.82970707123848, 23.79025996604669, 23.74801466531201, 23.70400153036924, 23.65901010486349, 23.61347368818309, 23.56758315044669, 23.52140179683038, 23.4749448259327, 23.42816720325926, 23.38103379716761], "Tzon20": [25.08345443443221, 25.05414385387597, 25.01928829064565, 24.97891289913538, 24.93375977770607, 24.88451788507366, 24.83352773464053, 24.78234361192935, 24.73144657683148, 24.68064233440551, 24.62930421006039, 24.57731165161693], "Tzon21": [28.20063889269502, 28.17424711013852, 28.14199675623882, 28.10467862634294, 28.06349930581767, 28.01925790606841, 27.97223193594999, 27.92226189657162, 27.86863555163448, 27.81153203441555, 27.75138365713606, 27.68797127527182], "Tzon22": [31.69814879745093, 31.69127399882987, 31.68077138133241, 31.667537318176, 31.65253679197862, 31.63629992632873, 31.6189905980544, 31.60062042663649, 31.58117924768095, 31.56067734722747, 31.53906971698254, 31.51634628963036], "Tzon23": [25.25400382385198, 25.2234147265115, 25.18825744071343, 25.14981148524982, 25.10939380937008, 25.06857108737136, 25.02817556964089, 24.98836835801046, 24.94897702699816, 24.90976267993519, 24.87050396976228, 24.83104950912579], "Tzon24": [26.71866709441795, 26.68827570999649, 26.65246838421168, 26.61175423360459, 26.5671074155919, 26.51923481048009, 26.46844724649317, 26.41472988027829, 26.35771845952949, 26.2965202202593, 26.23122225586152, 26.16169876774087], "Tzon25": [28.35847406444257, 28.34288671943697, 28.32213015046188, 28.29706971726802, 28.26891257054994, 28.23850092398278, 28.20625467981854, 28.17234752267276, 28.13685042897352, 28.09980662572248, 28.06115053827617, 28.02084765910785], "Mflow1": [0.0, 0.0, 0.0, 0.0, 0.0, 0.0, 0.0, 0.0, 0.0, 0.0, 0.0, 0.0], "Mflow2": [0.0, 0.0, 0.0, 0.0, 0.0, 0.0, 0.0, 0.0, 0.0, 0.0, 0.0, 0.0], "Mflow3": [0.0, 0.0, 0.0, 0.0, 0.0, 0.0, 0.0, 0.0, 0.0, 0.0, 0.0, 0.0], "Mflow4": [0.0, 0.0, 0.0, 0.0, 0.0, 0.0, 0.0, 0.0, 0.0, 0.0, 0.0, 0.0], "Mflow5": [0.0, 0.0, 0.0, 0.0, 0.0, 0.0, 0.0, 0.0, 0.0, 0.0, 0.0, 0.0], "Mflow6": [0.0, 0.0, 0.0, 0.0, 0.0, 0.0, 0.0, 0.0, 0.0, 0.0, 0.0, 0.0], "Mflow7": [0.0, 0.0, 0.0, 0.0, 0.0, 0.0, 0.0, 0.0, 0.0, 0.0, 0.0, 0.0], "Mflow8": [0.0, 0.0, 0.0, 0.0, 0.0, 0.0, 0.0, 0.0, 0.0, 0.0, 0.0, 0.0], "Mflow9": [0.0, 0.0, 0.0, 0.0, 0.0, 0.0, 0.0, 0.0, 0.0, 0.0, 0.0, 0.0], "Mflow10": [0.0, 0.0, 0.0, 0.0, 0.0, 0.0, 0.0, 0.0, 0.0, 0.0, 0.0, 0.0], "Mflow11": [0.0, 0.0, 0.0, 0.0, 0.0, 0.0, 0.0, 0.0, 0.0, 0.0, 0.0, 0.0], "Mflow12": [0.0, 0.0, 0.0, 0.0, 0.0, 0.0, 0.0, 0.0, 0.0, 0.0, 0.0, 0.0], "Mflow13": [0.0, 0.0, 0.0, 0.0, 0.0, 0.0, 0.0, 0.0, 0.0, 0.0, 0.0, 0.0], "Mflow14": [0.0, 0.0, 0.0, 0.0, 0.0, 0.0, 0.0, 0.0, 0.0, 0.0, 0.0, 0.0], "Mflow15": [0.0, 0.0, 0.0, 0.0, 0.0, 0.0, 0.0, 0.0, 0.0, 0.0, 0.0, 0.0], "Mflow16": [0.0, 0.0, 0.0, 0.0, 0.0, 0.0, 0.0, 0.0, 0.0, 0.0, 0.0, 0.0], "Mflow17": [0.0, 0.0, 0.0, 0.0, 0.0, 0.0, 0.0, 0.0, 0.0, 0.0, 0.0, 0.0], "Mflow18": [0.0, 0.0, 0.0, 0.0, 0.0, 0.0, 0.0, 0.0, 0.0, 0.0, 0.0, 0.0], "Mflow19": [0.0, 0.0, 0.0, 0.0, 0.0, 0.0, 0.0, 0.0, 0.0, 0.0, 0.0, 0.0], "Mflow20": [0.0, 0.0, 0.0, 0.0, 0.0, 0.0, 0.0, 0.0, 0.0, 0.0, 0.0, 0.0], "Mflow21": [0.0, 0.0, 0.0, 0.0, 0.0, 0.0, 0.0, 0.0, 0.0, 0.0, 0.0, 0.0], "Mflow22": [0.0, 0.0, 0.0, 0.0, 0.0, 0.0, 0.0, 0.0, 0.0, 0.0, 0.0, 0.0], "Mflow23": [0.0, 0.0, 0.0, 0.0, 0.0, 0.0, 0.0, 0.0, 0.0, 0.0, 0.0, 0.0],