{"time": [425100.0, 425400.0, 425700.0, 426000.0, 426300.0, 426600.0, 426900.0, 427200.0, 427500.0, 427800.0, 428100.0, 428400.0], "OutdoorAirTemperature": [15.91666666666667, 15.83333333333333, 15.75, 15.66666666666667, 15.58333333333333, 15.5, 15.41666666666667, 15.33333333333333, 15.25, 15.16666666666667, 15.08333333333333, 15.0], "Tzon0": [24.20073804075061, 24.16023662035729, 24.13791050119502, 24.12851527382956, 24.12731767768019, 24.13128645997872, 24.13882863083202, 24.14918897788457, 24.16224064208955, 24.17757107554409, 24.19498391818152, 24.21431921761769], "Tzon1": [24.53755432803094, 24.51985421765826, 24.51368026217321, 24.51615178749989, 24.52458928731125, 24.53717072155657, 24.5528066965437, 24.5708507417848, 24.59069704644778, 24.61216245295269, 24.63518610329632, 24.65962021503887], "Tzon2": [25.14844584686478, 25.15229421050562, 25.16414612010558, 25.1800149281459, 25.19737099797188, 25.21522640584098, 25.23342620375444, 25.25204836956595, 25.2704769203967, 25.28921732900893, 25.3086074306639, 25.32867083336624], "Tzon3": [25.21848987361662, 25.22190124110748, 25.23340276217141, 25.2490199028458, 25.26619374086395, 25.28389875446673, 25.30195678400426, 25.32044051063285, 25.33876488341939, 25.35741631355281, 25.37672335104526, 25.39671594300263], "Tzon4": [25.45542777506333, 25.44178505782079, 25.44353299557024, 25.455802248415, 25.47452718047234, 25.49718670497772, 25.52243793170549, 25.54958309851498, 25.57775646728319, 25.60695158839138, 25.63721217574605, 25.66849585387817], "Tzon5": [25.49987075602778, 25.48901830378113, 25.49158221932901, 25.5031009081167, 25.51995779980303, 25.54001694729218, 25.56222599426659, 25.58608627645899, 25.61087953489775, 25.63667509790186, 25.66355940470783, 25.69152091927112], "Tzon6": [24.85553212835739, 24.81361632720656, 24.78855339937074, 24.77703598088415, 24.77555957558283, 24.78153446902092, 24.79327862427448, 24.80970715832226, 24.83007914135501, 24.85379922080605, 24.88047339497012, 24.90986798455643], "Tzon7": [25.51204543968564, 25.46319135960966, 25.43141636520354, 25.41365411070907, 25.40664084207553, 25.4079245308078, 25.41583873261242, 25.42922706455907, 25.44733814417991, 25.46937110203273, 25.4947314351778, 25.52298967410376], "Tzon8": [25.28252869111112, 25.2796760322381, 25.28621748417314, 25.29847036745604, 25.31369451031615, 25.33046545556468, 25.34823025428079, 25.36681553762089, 25.38570770856288, 25.40514034376967, 25.42529411239973, 25.44619426444232], "Tzon9": [24.93892860049763, 24.91770886954273, 24.91831447461872, 24.93300029044449, 24.95550938703727, 24.98259406118677, 25.01301914443215, 25.0462625111537, 25.08228648062013, 25.1201699939707, 25.15905270760359, 25.19810732286248], "Tzon10": [24.90930735628657, 24.88255489294939, 24.86852532659774, 24.86404737155647, 24.86611385739984, 24.87269067704181, 24.88261147071831, 24.89524552174196, 24.91027074713004, 24.92740885173899, 24.94650630100673, 24.96754638641859], "Tzon11": [25.38912560808107, 25.3305493695839, 25.29801754409472, 25.27922892427591, 25.26630969764379, 25.25624570721485, 25.24859985392276, 25.2436896095279, 25.24388500148353, 25.24716731358455, 25.2522747845621, 25.25925556995029], "Tzon12": [26.08857898093215, 26.02222170814387, 25.98028163004783, 25.95377822997079, 25.93575738686922, 25.92247986008203, 25.91243660103878, 25.90521308807328, 25.90244377777497, 25.90258670864042, 25.90459312167165, 25.90835621428985], "Tzon13": [25.87607639463876, 25.81627083128872, 25.78213404028488, 25.7612507311606, 25.74584899529717, 25.73310863699061, 25.72276542252116, 25.7151373523424, 25.71298793490978, 25.71390670362794, 25.71642099514883, 25.72060437263772], "Tzon14": [24.94243036471544, 24.90394015126635, 24.88763253841261, 24.8855454904423, 24.89107645877876, 24.90073234087191, 24.91339321523971, 24.92863779834539, 24.94662499880116, 24.96690671159908, 24.98953847174047, 25.01375499987353], "Tzon15": [23.58399919845877, 23.55605552910148, 23.54190896998941, 23.53860813691469, 23.54271397151436, 23.55170482551782, 23.56412713489474, 23.57927262749948, 23.59686624061806, 23.61699493348387, 23.63977880988209, 23.66482470357631], "Tzon16": [83.89484085965745, 83.92524916057393, 84.0266626865284, 84.14493635357, 84.2689554941856, 84.40494126722314, 84.55880007492237, 84.73536906261361, 84.92286836642907, 85.11754869314123, 85.3171787305124, 85.51753228576128], "Tzon17": [24.51767332293057, 24.49913597219874, 24.50127883004534, 24.5153809193917, 24.53532627812373, 24.55827727700507, 24.58340840171325, 24.61067502974436, 24.63995648332984, 24.67161125286289, 24.70561103309129, 24.74201469549904], "Tzon18": [24.31380151873853, 24.26761361711209, 24.24227426221393, 24.23105813462076, 24.22814768635854, 24.23011185788738, 24.23536959263909, 24.24333948199252, 24.25439360946302, 24.26795907641828, 24.28348378785644, 24.30075159961955], "Tzon19": [24.76901555397491, 24.7379728817548, 24.72735889164328, 24.72990901049447, 24.73967210478324, 24.75339488119713, 24.76983052847247, 24.78872180279226, 24.81037468455476, 24.83496694342534, 24.86245888558904, 24.89250222103884], "Tzon20": [27.14888153967028, 27.12059453956619, 27.11596845355591, 27.12721967741419, 27.14793434845611, 27.17438580447692, 27.20485003304006, 27.23863479247939, 27.2752958756864, 27.31468488513882, 27.35602091865839, 27.39879870843877], "Tzon21": [30.2232909331788, 30.22782829006127, 30.24506862457088, 30.26847018860796, 30.29416214458951, 30.3208111369685, 30.34832675076519, 30.37686927189866, 30.4054688038552, 30.43486619448407, 30.46550840347022, 30.49740513794634], "Tzon22": [23.80237563814357, 23.78724959839522, 23.79019411679203, 23.80271384995246, 23.81932313753824, 23.83780412341812, 23.85775227301912, 23.87934807266562, 23.90272054216111, 23.92817624654749, 23.95566915541343, 23.98516253552549], "Tzon23": [25.07045628838289, 25.03488876750768, 25.01945574557232, 25.01940313905177, 25.03033850925739, 25.04924073050988, 25.07429582451515, 25.10376661427147, 25.13626463007806, 25.17106793067881, 25.20777682520972, 25.24619331115832], "Tzon24": [27.70194745779939, 27.68088178516957, 27.68172532995514, 27.69703451121332, 27.72087405632039, 27.74979775720527, 27.78214197977478, 27.81712699757954, 27.8537398944334, 27.89197102902969, 27.93184395831537, 27.97329461513093], "Mflow0": [0.0, 0.0, 0.0, 0.0, 0.0, 0.0, 0.0, 0.0, 0.0, 0.0, 0.0, 0.0], "Mflow1": [0.0, 0.0, 0.0, 0.0, 0.0, 0.0, 0.0, 0.0, 0.0, 0.0, 0.0, 0.0], "Mflow2": [0.0, 0.0, 0.0, 0.0, 0.0, 0.0, 0.0, 0.0, 0.0, 0.0, 0.0, 0.0], "Mflow3": [0.0, 0.0, 0.0, 0.0, 0.0, 0.0, 0.0, 0.0, 0.0, 0.0, 0.0, 0.0], "Mflow4": [0.0, 0.0, 0.0, 0.0, 0.0, 0.0, 0.0, 0.0, 0.0, 0.0, 0.0, 0.0], "Mflow5": [0.0, 0.0, 0.0, 0.0, 0.0, 0.0, 0.0, 0.0, 0.0, 0.0, 0.0, 0.0], "Mflow6": [0.0, 0.0, 0.0, 0.0, 0.0, 0.0, 0.0, 0.0, 0.0, 0.0, 0.0, 0.0], "Mflow7": [0.0, 0.0, 0.0, 0.0, 0.0, 0.0, 0.0, 0.0, 0.0, 0.0, 0.0, 0.0], "Mflow8": [0.0, 0.0, 0.0, 0.0, 0.0, 0.0, 0.0, 0.0, 0.0, 0.0, 0.0, 0.0], "Mflow9": [0.0, 0.0, 0.0, 0.0, 0.0, 0.0, 0.0, 0.0, 0.0, 0.0, 0.0, 0.0], "Mflow10": [0.0, 0.0, 0.0, 0.0, 0.0, 0.0, 0.0, 0.0, 0.0, 0.0, 0.0, 0.0], "Mflow11": [0.0, 0.0, 0.0, 0.0, 0.0, 0.0, 0.0, 0.0, 0.0, 0.0, 0.0, 0.0], "Mflow12": [0.0, 0.0, 0.0, 0.0, 0.0, 0.0, 0.0, 0.0, 0.0, 0.0, 0.0, 0.0], "Mflow13": [0.0, 0.0, 0.0, 0.0, 0.0, 0.0, 0.0, 0.0, 0.0, 0.0, 0.0, 0.0], "Mflow14": [0.0, 0.0, 0.0, 0.0, 0.0, 0.0, 0.0, 0.0, 0.0, 0.0, 0.0, 0.0], "Mflow15": [0.0, 0.0, 0.0, 0.0, 0.0, 0.0, 0.0, 0.0, 0.0, 0.0, 0.0, 0.0], "Mflow16": [0.0, 0.0, 0.0, 0.0, 0.0, 0.0, 0.0, 0.0, 0.0, 0.0, 0.0, 0.0], "Mflow17": [0.0, 0.0, 0.0, 0.0, 0.0, 0.0, 0.0, 0.0, 0.0, 0.0, 0.0, 0.0], "Mflow18": [0.0, 0.0, 0.0, 0.0, 0.0, 0.0, 0.0, 0.0, 0.0, 0.0, 0.0, 0.0], "Mflow19": [0.0, 0.0, 0.0, 0.0, 0.0, 0.0, 0.0, 0.0, 0.0, 0.0, 0.0, 0.0], "Mflow20": [0.0, 0.0, 0.0, 0.0, 0.0, 0.0, 0.0, 0.0, 0.0, 0.0, 0.0, 0.0], "Mflow21": [0.0, 0.0, 0.0, 0.0, 0.0, 0.0, 0.0, 0.0, 0.0, 0.0, 0.0, 0.0], "Mflow22": [0.0, 0.0, 0.0, 0.0, 0.0, 0.0, 0.0, 0.0, 0.0, 0.0, 0.0, 0.0],