{
    "load": 287.5869474139584,
    "load2": 4.715117995131124,
    "intercept": 959.7333382760098
}