{
    "temp_pre": -4.8405233420136676e-05,
    "tempset": -0.022167329073408727,
    "tout": 0.0012633924083473075,
    "intercept": 0.48147048902019735
}