{
    "temp_pre": 0.011515227435216786,
    "tempset": -0.031142270803468937,
    "tout": 0.0029386598652241013,
    "intercept": 0.4447913558672461
}