{
    "temp_pre": 0.0017103383418854703,
    "tempset": -0.07066481902586685,
    "tout": 0.021074900062713096,
    "intercept": 1.2572463472377948
}