{
    "temp_pre": -0.0059920269072324854,
    "tempset": -0.07933738996081627,
    "tout": 0.0019174964996862994,
    "intercept": 1.9044226505628072
}