{
    "temp_pre": 0.0014048329695257541,
    "tempset": -0.01710939760426814,
    "tout": 0.0004194815987850569,
    "intercept": 0.35244454935459346
}