{
    "flow": -386.1501099002398,
    "flow2": 666.997565572759,
    "flow3": 829.960553112311,
    "intercept": 199.3873785738303
}