{
    "temp_pre": -0.0013047249949177215,
    "tempset": -0.0455206236906364,
    "tout": 0.0006981617504700535,
    "intercept": 1.0512140713555373
}