{
    "temp_pre": -7.990706719945682e-06,
    "tempset": -0.02141066905572346,
    "tout": 0.0004316337957171625,
    "intercept": 0.6209734601532328
}