{
    "temp_pre": -0.0003320508685444351,
    "tempset": -0.015154340116941903,
    "tout": 0.0003317403299464087,
    "intercept": 0.3402973844387803
}