{
    "temp_pre": 1.2607855095664398,
    "tempset": 1.741000486230647,
    "tout": -0.005018366397031654,
    "intercept": -45.90474912562389
}