{
    "flow": 0.0,
    "flow2": 5744.6724131278925,
    "flow3": 5744.672413127894,
    "intercept": 11678.662381348051
}