{
    "flow": 139.5398993767433,
    "flow2": -11.450594743996968,
    "flow3": 7.686207280160308,
    "intercept": -7.519052716174315
}