{
    "temp_pre": 0.0036922325377239953,
    "tempset": -0.07465343802033843,
    "tout": 0.002056328361426158,
    "intercept": 1.6063265126277373
}