{
    "flow": -219529.78448544114,
    "flow2": 375925.43269670126,
    "flow3": -165870.40514560282,
    "intercept": 38871.61862087124
}