{
    "flow": 36562.107275706585,
    "flow2": -6651.8533793969045,
    "flow3": 509.4723800145876,
    "intercept": -44222.7588364841
}