{
    "temp_pre": 0.0021802396601713525,
    "tempset": -0.013149628841429294,
    "tout": 0.00018746581306640567,
    "intercept": 0.25060326435643066
}