{
    "temp_pre": 0.010144825224988805,
    "tempset": -0.1712149658093467,
    "tout": 0.0044393428934684995,
    "intercept": 3.583101710618386
}