{
    "temp_pre": 0.013307043552578095,
    "tempset": -0.08283442090325902,
    "tout": 0.010840888240856588,
    "intercept": 1.4896727837085257
}