{
    "flow": -1.4316104374369165e+18,
    "flow2": -1.31426531961421e+18,
    "flow3": -2.417309427147574e+18,
    "intercept": 3.1164552025712e+18
}