{
    "flow": 1548.4878048780488,
    "flow2": -1398.6341463414633,
    "flow3": 499.51219512195144,
    "intercept": 721.3687499663906
}