{
    "temp_pre": 0.031234498187517917,
    "tempset": -0.053317018404566104,
    "tout": 0.0012987946625469904,
    "intercept": 0.5563680706479482
}