{
    "temp_pre": 0.052682414710796335,
    "tempset": -0.07228058649756341,
    "tout": 0.007730518447096928,
    "intercept": 0.5342626339310437
}