{
    "temp_pre": 0.0031895651558320323,
    "tempset": -0.043729198465884425,
    "tout": 0.001375415282308365,
    "intercept": 0.901234630744477
}