{
    "temp_pre": 0.021206537467339418,
    "tempset": -0.175805852786326,
    "tout": 0.009155426333058502,
    "intercept": 3.449997842447471
}