{
    "temp_pre": -0.0017764885170580163,
    "tempset": -0.08271506447953732,
    "tout": 0.002068586240648822,
    "intercept": 1.956422028239943
}