{
    "temp_pre": 0.0010102519396226108,
    "tempset": -0.021010361748562804,
    "tout": 0.00044598651406462387,
    "intercept": 0.4449454891256383
}