{
    "temp_pre": 0.04499515741144267,
    "tempset": -0.21146966903737946,
    "tout": 0.021472263872358233,
    "intercept": 3.691859693472365
}