{
    "temp_pre": -0.005592785233969312,
    "tempset": -0.012773538332305502,
    "tout": 0.003099890573816954,
    "intercept": 0.37758874331706543
}