{
    "temp_pre": -0.004512465228773087,
    "tempset": -0.012730006196290533,
    "tout": 0.003971333055471823,
    "intercept": 0.34581383686336964
}