{
    "temp_pre": 1.184859417744767,
    "tempset": 0.019180336775298613,
    "tout": -0.021111832469480608,
    "intercept": -10.578432760937256
}