{
    "temp_pre": 0.0008069515741180958,
    "tempset": -0.013838841174554826,
    "tout": 0.0002302451820062038,
    "intercept": 0.2937724870041491
}